entidad,ds,Pronóstico Tradicional,Pronóstico Jerárquico
40002,2024-12-31,8367679000000.0,8476144701442.58
40002,2025-01-31,8314137000000.0,8435093667842.581
40002,2025-02-28,8345454000000.0,8473887344642.581
40002,2025-03-31,8380239000000.0,8496551178242.581
40002,2025-04-30,8396678000000.0,8500414218242.58
40002,2025-05-31,8428875000000.0,8522459607042.581
40002,2025-06-30,8446158600000.0,8533397022722.581
40002,2025-07-31,8467700000000.0,8547392983042.581
40002,2025-08-31,8492550000000.0,8567116677122.581
40002,2025-09-30,8527738300000.0,8598367713282.581
40002,2025-10-31,8554075400000.0,8625286973442.581
40002,2025-11-30,8112872400000.0,8313888768002.581
40002,2025-12-31,8039446300000.0,8271724400642.581
40002,2026-01-31,8028514400000.0,8265475747842.581
40002,2026-02-28,8054190000000.0,8296304087042.581
40002,2026-03-31,8070167000000.0,8314757263362.581
40002,2026-04-30,8074733000000.0,8317141483522.58
40002,2026-05-31,8090533500000.0,8333557186562.581
40002,2026-06-30,8098551400000.0,8342296299522.58
40002,2026-07-31,8108792300000.0,8352988508162.581
40002,2026-08-31,8122763000000.0,8367812648962.581
40002,2026-09-30,8142305400000.0,8390168207362.581
40002,2026-10-31,8159423400000.0,8406392924162.581
40002,2026-11-30,7945313000000.0,8188382371842.581
40002,2026-12-31,7913868400000.0,8159490816002.581
40002,2027-01-31,7909220000000.0,8156502384642.581
40002,2027-02-28,7928016000000.0,8179444925442.581
40002,2027-03-31,7939258000000.0,8194148065282.581
40002,2027-04-30,7942571000000.0,8196910817282.581
40002,2027-05-31,7953236000000.0,8210014786562.58
40012,2024-12-31,39194827000000.0,39147859033600.0
40012,2025-01-31,39525124000000.0,39452692856320.0
40012,2025-02-28,39870903000000.0,39767715000320.0
40012,2025-03-31,40230623000000.0,40096484712960.0
40012,2025-04-30,40598990000000.0,40436257717760.0
40012,2025-05-31,40954736000000.0,40763938833920.0
40012,2025-06-30,41313496000000.0,41089495639040.0
40012,2025-07-31,41668120000000.0,41427679267840.0
40012,2025-08-31,42014820000000.0,41755570135040.0
40012,2025-09-30,42374177000000.0,42094521315840.0
40012,2025-10-31,42800890000000.0,42523458378240.0
40012,2025-11-30,43119060000000.0,42801365583360.0
40012,2025-12-31,43458070000000.0,43106095925760.0
40012,2026-01-31,43795693000000.0,43417675105280.0
40012,2026-02-28,44142013000000.0,43737247393280.0
40012,2026-03-31,44499560000000.0,44067610752000.0
40012,2026-04-30,44864423000000.0,44408526481920.0
40012,2026-05-31,45218506000000.0,44738093565440.0
40012,2026-06-30,45573450000000.0,45063940994560.0
40012,2026-07-31,45930570000000.0,45403911736320.0
40012,2026-08-31,46281090000000.0,45733243632640.0
40012,2026-09-30,46640090000000.0,46073289221120.0
40012,2026-10-31,47055897000000.0,46505076953600.0
40012,2026-11-30,47376150000000.0,46786543984640.0
40012,2026-12-31,47714587000000.0,47092390228480.0
40012,2027-01-31,48053575000000.0,47405323550720.0
40012,2027-02-28,48399270000000.0,47725999546880.0
40012,2027-03-31,48752970000000.0,48056996034560.0
40012,2027-04-30,49113220000000.0,48398434078720.0
40012,2027-05-31,49465810000000.0,48728599306240.0
40014,2024-12-31,17929280000000.0,17881668977920.0
40014,2025-01-31,18010518000000.0,17956847138560.0
40014,2025-02-28,18089666000000.0,18033085337600.0
40014,2025-03-31,18159984000000.0,18108076116480.0
40014,2025-04-30,18233617000000.0,18183808163840.0
40014,2025-05-31,18300530000000.0,18258215024640.0
40014,2025-06-30,18376718000000.0,18333727014400.0
40014,2025-07-31,18460287000000.0,18407748573440.0
40014,2025-08-31,18515665000000.0,18482958311680.0
40014,2025-09-30,18605004000000.0,18556753369600.0
40014,2025-10-31,18688942000000.0,18631433544960.0
40014,2025-11-30,18751083000000.0,18705045245440.0
40014,2025-12-31,18834113000000.0,18779933877760.0
40014,2026-01-31,18910515000000.0,18853281262080.0
40014,2026-02-28,18987216000000.0,18927487729920.0
40014,2026-03-31,19057869000000.0,19000729401600.0
40014,2026-04-30,19131762000000.0,19074684769280.0
40014,2026-05-31,19203772000000.0,19147657488640.0
40014,2026-06-30,19276370000000.0,19221617694720.0
40014,2026-07-31,19351877000000.0,19294414359040.0
40014,2026-08-31,19421072000000.0,19368175096320.0
40014,2026-09-30,19493737000000.0,19441115993600.0
40014,2026-10-31,19577344000000.0,19514585465600.0
40014,2026-11-30,19654123000000.0,19587299418880.0
40014,2026-12-31,19728924000000.0,19661006892800.0
40014,2027-01-31,19803377000000.0,19733584330240.0
40014,2027-02-28,19877962000000.0,19806872762880.0
40014,2027-03-31,19948288000000.0,19879483197440.0
40014,2027-04-30,20021940000000.0,19952675276800.0
40014,2027-05-31,20094365000000.0,20025206142720.0
40021,2024-12-31,10250370000000.0,10249986486466.875
40021,2025-01-31,10285176000000.0,10282590149473.75
40021,2025-02-28,10316174000000.0,10320394837850.0
40021,2025-03-31,10343518000000.0,10355867544955.625
40021,2025-04-30,10375245000000.0,10394947931349.375
40021,2025-05-31,10410511000000.0,10440961502639.375
40021,2025-06-30,10439604000000.0,10476900133491.25
40021,2025-07-31,10464397000000.0,10501855045528.125
40021,2025-08-31,10495313000000.0,10538266122871.875
40021,2025-09-30,10523726000000.0,10567927862348.75
40021,2025-10-31,10570785000000.0,10629108123562.5
40021,2025-11-30,10589166000000.0,10647958154515.0
40021,2025-12-31,10614470000000.0,10677149908755.0
40021,2026-01-31,10641085000000.0,10708263113235.0
40021,2026-02-28,10667021000000.0,10738211019795.0
40021,2026-03-31,10691112000000.0,10766614857235.0
40021,2026-04-30,10718609000000.0,10799591512595.0
40021,2026-05-31,10745619000000.0,10831509083155.0
40021,2026-06-30,10770644000000.0,10860785270035.0
40021,2026-07-31,10797700000000.0,10892576777235.0
40021,2026-08-31,10823664000000.0,10923277500435.0
40021,2026-09-30,10851404000000.0,10956269039635.0
40021,2026-10-31,10888573000000.0,11004010423315.0
40021,2026-11-30,10906500000000.0,11022273697555.0
40021,2026-12-31,10931006000000.0,11050345944595.0
40021,2027-01-31,10956635000000.0,11080491598355.0
40021,2027-02-28,10981639000000.0,11109659017235.0
40021,2027-03-31,11005899000000.0,11137757193235.0
40021,2027-04-30,11032451000000.0,11169635236115.0
40021,2027-05-31,11058571000000.0,11200812759315.0
40072,2024-12-31,22892274000000.0,22918805988587.5
40072,2025-01-31,23056496000000.0,23088623191787.5
40072,2025-02-28,23189734000000.0,23243295633387.5
40072,2025-03-31,23331357000000.0,23403477957867.5
40072,2025-04-30,23476014000000.0,23566877453547.5
40072,2025-05-31,23608259000000.0,23722647847147.5
40072,2025-06-30,23760558000000.0,23891746454507.5
40072,2025-07-31,23902642000000.0,24054683875307.5
40072,2025-08-31,24061789000000.0,24228332566507.5
40072,2025-09-30,24206866000000.0,24390404406507.5
40072,2025-10-31,24334830000000.0,24543879955947.5
40072,2025-11-30,24461632000000.0,24692845090027.5
40072,2025-12-31,24604102000000.0,24848346079467.5
40072,2026-01-31,24749038000000.0,25008280772587.5
40072,2026-02-28,24898815000000.0,25172283246827.5
40072,2026-03-31,25050240000000.0,25338321344747.5
40072,2026-04-30,25203103000000.0,25505601289707.5
40072,2026-05-31,25355916000000.0,25672072512747.5
40072,2026-06-30,25506060000000.0,25837192717547.5
40072,2026-07-31,25658634000000.0,26003983624427.5
40072,2026-08-31,25808561000000.0,26168915923947.5
40072,2026-09-30,25959580000000.0,26333886659307.5
40072,2026-10-31,26116232000000.0,26504273891307.5
40072,2026-11-30,26265430000000.0,26668168185067.5
40072,2026-12-31,26412008000000.0,26827136325867.5
40072,2027-01-31,26561680000000.0,26990636794347.5
40072,2027-02-28,26712008000000.0,27155326560747.5
40072,2027-03-31,26862386000000.0,27319202985707.5
40072,2027-04-30,27014241000000.0,27484839856107.5
40072,2027-05-31,27165419000000.0,27649839693547.5
