timestamp,cash,altcoin,value,exposure
1733328000000,1000000.0,0.0,1000000.0,0.0
1733342400000,1000000.0,0.0,1000000.0,0.0
1733356800000,1000000.0,0.0,1000000.0,0.0
1733371200000,1000000.0,0.0,1000000.0,0.0
1733385600000,1000000.0,0.0,1000000.0,0.0
1733400000000,1000000.0,0.0,1000000.0,0.0
1733414400000,1000000.0,0.0,1000000.0,0.0
1733428800000,1000000.0,0.0,1000000.0,0.0
1733443200000,1000000.0,0.0,1000000.0,0.0
1733457600000,1000000.0,0.0,1000000.0,0.0
1733472000000,1000000.0,0.0,1000000.0,0.0
1733486400000,1000000.0,0.0,1000000.0,0.0
1733500800000,1000000.0,0.0,1000000.0,0.0
1733515200000,1000000.0,0.0,1000000.0,0.0
1733529600000,1000000.0,0.0,1000000.0,0.0
1733544000000,1000000.0,0.0,1000000.0,0.0
1733558400000,1000000.0,0.0,1000000.0,0.0
1733572800000,1000000.0,0.0,1000000.0,0.0
1733587200000,1000000.0,0.0,1000000.0,0.0
1733601600000,1000000.0,0.0,1000000.0,0.0
1733616000000,1000000.0,0.0,1000000.0,0.0
1733630400000,1000000.0,0.0,1000000.0,0.0
1733644800000,1000000.0,0.0,1000000.0,0.0
1733659200000,1000000.0,0.0,1000000.0,0.0
1733673600000,1000000.0,0.0,1000000.0,0.0
1733688000000,1000000.0,0.0,1000000.0,0.0
1733702400000,1000000.0,0.0,1000000.0,0.0
1733716800000,1000000.0,0.0,1000000.0,0.0
1733731200000,1000000.0,0.0,1000000.0,0.0
1733745600000,1000000.0,0.0,1000000.0,0.0
1733760000000,1000000.0,0.0,1000000.0,0.0
1733774400000,1000000.0,0.0,1000000.0,0.0
1733788800000,1000000.0,0.0,1000000.0,0.0
1733803200000,1000000.0,0.0,1000000.0,0.0
1733817600000,1000000.0,0.0,1000000.0,0.0
1733832000000,1000000.0,0.0,1000000.0,0.0
1733846400000,1000000.0,0.0,1000000.0,0.0
1733860800000,1000000.0,0.0,1000000.0,0.0
1733875200000,1000000.0,0.0,1000000.0,0.0
1733889600000,1000000.0,0.0,1000000.0,0.0
1733904000000,1000000.0,0.0,1000000.0,0.0
1733918400000,1000000.0,0.0,1000000.0,0.0
1733932800000,1000000.0,0.0,1000000.0,0.0
1733947200000,1000000.0,0.0,1000000.0,0.0
1733961600000,1000000.0,0.0,1000000.0,0.0
1733976000000,1000000.0,0.0,1000000.0,0.0
1733990400000,1000000.0,0.0,1000000.0,0.0
1734004800000,1000000.0,0.0,1000000.0,0.0
1734019200000,1000000.0,0.0,1000000.0,0.0
1734033600000,1000000.0,0.0,1000000.0,0.0
1734048000000,1000000.0,0.0,1000000.0,0.0
1734062400000,1000000.0,0.0,1000000.0,0.0
1734076800000,1000000.0,0.0,1000000.0,0.0
1734091200000,1000000.0,0.0,1000000.0,0.0
1734105600000,1000000.0,0.0,1000000.0,0.0
1734120000000,1000000.0,0.0,1000000.0,0.0
1734134400000,1000000.0,0.0,1000000.0,0.0
1734148800000,1000000.0,0.0,1000000.0,0.0
1734163200000,1000000.0,0.0,1000000.0,0.0
1734177600000,1000000.0,0.0,1000000.0,0.0
1734192000000,1000000.0,0.0,1000000.0,0.0
1734206400000,1000000.0,0.0,1000000.0,0.0
1734220800000,1000000.0,0.0,1000000.0,0.0
1734235200000,1000000.0,0.0,1000000.0,0.0
1734249600000,1000000.0,0.0,1000000.0,0.0
1734264000000,1000000.0,0.0,1000000.0,0.0
1734278400000,1000000.0,0.0,1000000.0,0.0
1734292800000,1000000.0,0.0,1000000.0,0.0
1734307200000,927946.0,-325.42372881355936,1000000.0,72000.00000000001
1734321600000,1000503.3377627119,0.0,1000503.3377627119,0.0
1734336000000,928413.0702635575,-336.4607207796136,1000503.3377627119,72036.24031891527
1734350400000,929211.3133168414,-332.28028654092725,1001363.563522922,72098.17657365039
1734364800000,929526.902822359,-330.33785275133664,1001703.6582111017,72122.66339119933
1734379200000,1000889.0814033807,0.0,1000889.0814033807,0.0
1734393600000,928771.0195319415,-334.48138250658354,1000889.0814033807,72064.01386104342
1734408000000,1000821.0930451655,0.0,1000821.0930451655,0.0
1734422400000,1000821.0930451655,0.0,1000821.0930451655,0.0
1734436800000,1000821.0930451655,0.0,1000821.0930451655,0.0
1734451200000,1000821.0930451655,0.0,1000821.0930451655,0.0
1734465600000,1000821.0930451655,0.0,1000821.0930451655,0.0
1734480000000,1000821.0930451655,0.0,1000821.0930451655,0.0
1734494400000,1000821.0930451655,0.0,1000821.0930451655,0.0
1734508800000,1000821.0930451655,0.0,1000821.0930451655,0.0
1734523200000,1000821.0930451655,0.0,1000821.0930451655,0.0
1734537600000,1000821.0930451655,0.0,1000821.0930451655,0.0
1734552000000,1000821.0930451655,0.0,1000821.0930451655,0.0
1734566400000,925703.2148802943,-359.4214804557911,1000821.0930451655,75061.58197838742
1734580800000,1001775.1818578038,0.0,1001775.1818578038,0.0
1734595200000,1001775.1818578038,0.0,1001775.1818578038,0.0
1734609600000,1001775.1818578038,0.0,1001775.1818578038,0.0
1734624000000,1001775.1818578038,0.0,1001775.1818578038,0.0
1734638400000,1001775.1818578038,0.0,1001775.1818578038,0.0
1734652800000,1001775.1818578038,0.0,1001775.1818578038,0.0
1734667200000,1001775.1818578038,0.0,1001775.1818578038,0.0
1734681600000,1001775.1818578038,0.0,1001775.1818578038,0.0
1734696000000,1001775.1818578038,0.0,1001775.1818578038,0.0
1734710400000,1001775.1818578038,0.0,1001775.1818578038,0.0
1734724800000,1001775.1818578038,0.0,1001775.1818578038,0.0
1734739200000,1001775.1818578038,0.0,1001775.1818578038,0.0
1734753600000,1001775.1818578038,0.0,1001775.1818578038,0.0
1734768000000,1001775.1818578038,0.0,1001775.1818578038,0.0
1734782400000,1001775.1818578038,0.0,1001775.1818578038,0.0
1734796800000,1001775.1818578038,0.0,1001775.1818578038,0.0
1734811200000,1001775.1818578038,0.0,1001775.1818578038,0.0
1734825600000,1001775.1818578038,0.0,1001775.1818578038,0.0
1734840000000,1001775.1818578038,0.0,1001775.1818578038,0.0
1734854400000,1001775.1818578038,0.0,1001775.1818578038,0.0
1734868800000,1001775.1818578038,0.0,1001775.1818578038,0.0
1734883200000,1001775.1818578038,0.0,1001775.1818578038,0.0
1734897600000,1001775.1818578038,0.0,1001775.1818578038,0.0
1734912000000,1001775.1818578038,0.0,1001775.1818578038,0.0
1734926400000,1001775.1818578038,0.0,1001775.1818578038,0.0
1734940800000,1001775.1818578038,0.0,1001775.1818578038,0.0
1734955200000,1001775.1818578038,0.0,1001775.1818578038,0.0
1734969600000,1001775.1818578038,0.0,1001775.1818578038,0.0
1734984000000,1001775.1818578038,0.0,1001775.1818578038,0.0
1734998400000,1001775.1818578038,0.0,1001775.1818578038,0.0
1735012800000,1001775.1818578038,0.0,1001775.1818578038,0.0
1735027200000,1001775.1818578038,0.0,1001775.1818578038,0.0
1735041600000,1001775.1818578038,0.0,1001775.1818578038,0.0
1735056000000,1001775.1818578038,0.0,1001775.1818578038,0.0
1735070400000,1001775.1818578038,0.0,1001775.1818578038,0.0
1735084800000,1001775.1818578038,0.0,1001775.1818578038,0.0
1735099200000,1001775.1818578038,0.0,1001775.1818578038,0.0
1735113600000,1001775.1818578038,0.0,1001775.1818578038,0.0
1735128000000,1001775.1818578038,0.0,1001775.1818578038,0.0
1735142400000,1001775.1818578038,0.0,1001775.1818578038,0.0
1735156800000,1001775.1818578038,0.0,1001775.1818578038,0.0
1735171200000,1001775.1818578038,0.0,1001775.1818578038,0.0
1735185600000,1001775.1818578038,0.0,1001775.1818578038,0.0
1735200000000,1001775.1818578038,0.0,1001775.1818578038,0.0
1735214400000,1001775.1818578038,0.0,1001775.1818578038,0.0
1735228800000,1001775.1818578038,0.0,1001775.1818578038,0.0
1735243200000,1001775.1818578038,0.0,1001775.1818578038,0.0
1735257600000,1001775.1818578038,0.0,1001775.1818578038,0.0
1735272000000,1001775.1818578038,0.0,1001775.1818578038,0.0
1735286400000,1001775.1818578038,0.0,1001775.1818578038,0.0
1735300800000,1001775.1818578038,0.0,1001775.1818578038,0.0
1735315200000,1001775.1818578038,0.0,1001775.1818578038,0.0
1735329600000,1001775.1818578038,0.0,1001775.1818578038,0.0
1735344000000,1001775.1818578038,0.0,1001775.1818578038,0.0
1735358400000,1001775.1818578038,0.0,1001775.1818578038,0.0
1735372800000,1001775.1818578038,0.0,1001775.1818578038,0.0
1735387200000,1001775.1818578038,0.0,1001775.1818578038,0.0
1735401600000,1001775.1818578038,0.0,1001775.1818578038,0.0
1735416000000,1001775.1818578038,0.0,1001775.1818578038,0.0
1735430400000,1001775.1818578038,0.0,1001775.1818578038,0.0
1735444800000,1001775.1818578038,0.0,1001775.1818578038,0.0
1735459200000,1001775.1818578038,0.0,1001775.1818578038,0.0
1735473600000,1001775.1818578038,0.0,1001775.1818578038,0.0
1735488000000,1001775.1818578038,0.0,1001775.1818578038,0.0
1735502400000,1001775.1818578038,0.0,1001775.1818578038,0.0
1735516800000,1001775.1818578038,0.0,1001775.1818578038,0.0
1735531200000,1001775.1818578038,0.0,1001775.1818578038,0.0
1735545600000,1001775.1818578038,0.0,1001775.1818578038,0.0
1735560000000,926585.693364489,-401.09512406222126,1001775.1818578038,75133.13863933529
1735574400000,1005225.5435010183,0.0,1005225.5435010183,0.0
1735588800000,1005225.5435010183,0.0,1005225.5435010183,0.0
1735603200000,1005225.5435010183,0.0,1005225.5435010183,0.0
1735617600000,1005225.5435010183,0.0,1005225.5435010183,0.0
1735632000000,1005225.5435010183,0.0,1005225.5435010183,0.0
1735646400000,1005225.5435010183,0.0,1005225.5435010183,0.0
1735660800000,1005225.5435010183,0.0,1005225.5435010183,0.0
1735675200000,1005225.5435010183,0.0,1005225.5435010183,0.0
1735689600000,1005225.5435010183,0.0,1005225.5435010183,0.0
1735704000000,1005225.5435010183,0.0,1005225.5435010183,0.0
1735718400000,1005225.5435010183,0.0,1005225.5435010183,0.0
1735732800000,1005225.5435010183,0.0,1005225.5435010183,0.0
1735747200000,1005225.5435010183,0.0,1005225.5435010183,0.0
1735761600000,1005225.5435010183,0.0,1005225.5435010183,0.0
1735776000000,1005225.5435010183,0.0,1005225.5435010183,0.0
1735790400000,1005225.5435010183,0.0,1005225.5435010183,0.0
1735804800000,1005225.5435010183,0.0,1005225.5435010183,0.0
1735819200000,1005225.5435010183,0.0,1005225.5435010183,0.0
1735833600000,1005225.5435010183,0.0,1005225.5435010183,0.0
1735848000000,1005225.5435010183,0.0,1005225.5435010183,0.0
1735862400000,1005225.5435010183,0.0,1005225.5435010183,0.0
1735876800000,1005225.5435010183,0.0,1005225.5435010183,0.0
1735891200000,1005225.5435010183,0.0,1005225.5435010183,0.0
1735905600000,1005225.5435010183,0.0,1005225.5435010183,0.0
1735920000000,1005225.5435010183,0.0,1005225.5435010183,0.0
1735934400000,1005225.5435010183,0.0,1005225.5435010183,0.0
1735948800000,1005225.5435010183,0.0,1005225.5435010183,0.0
1735963200000,1005225.5435010183,0.0,1005225.5435010183,0.0
1735977600000,1005225.5435010183,0.0,1005225.5435010183,0.0
1735992000000,1005225.5435010183,0.0,1005225.5435010183,0.0
1736006400000,1005225.5435010183,0.0,1005225.5435010183,0.0
1736020800000,1005225.5435010183,0.0,1005225.5435010183,0.0
1736035200000,1005225.5435010183,0.0,1005225.5435010183,0.0
1736049600000,1005225.5435010183,0.0,1005225.5435010183,0.0
1736064000000,1005225.5435010183,0.0,1005225.5435010183,0.0
1736078400000,1005225.5435010183,0.0,1005225.5435010183,0.0
1736092800000,1005225.5435010183,0.0,1005225.5435010183,0.0
1736107200000,1005225.5435010183,0.0,1005225.5435010183,0.0
1736121600000,1005225.5435010183,0.0,1005225.5435010183,0.0
1736136000000,1005225.5435010183,0.0,1005225.5435010183,0.0
1736150400000,1005225.5435010183,0.0,1005225.5435010183,0.0
1736164800000,1005225.5435010183,0.0,1005225.5435010183,0.0
1736179200000,1005225.5435010183,0.0,1005225.5435010183,0.0
1736193600000,1005225.5435010183,0.0,1005225.5435010183,0.0
1736208000000,1005225.5435010183,0.0,1005225.5435010183,0.0
1736222400000,1005225.5435010183,0.0,1005225.5435010183,0.0
1736236800000,981082.0363972109,-112.70397572654602,1005225.5435010183,24125.41304402444
1736251200000,980354.255754653,-116.03540849372281,1004479.8528606604,24107.51646865585
1736265600000,979956.8396936059,-117.80281463790666,1004072.6567637578,24097.74376233019
1736280000000,1003755.172582675,0.0,1003755.172582675,0.0
1736294400000,1003755.172582675,0.0,1003755.172582675,0.0
1736308800000,1003755.172582675,0.0,1003755.172582675,0.0
1736323200000,1003755.172582675,0.0,1003755.172582675,0.0
1736337600000,1003755.172582675,0.0,1003755.172582675,0.0
1736352000000,1003755.172582675,0.0,1003755.172582675,0.0
1736366400000,1003755.172582675,0.0,1003755.172582675,0.0
1736380800000,1003755.172582675,0.0,1003755.172582675,0.0
1736395200000,1003755.172582675,0.0,1003755.172582675,0.0
1736409600000,1003755.172582675,0.0,1003755.172582675,0.0
1736424000000,1003755.172582675,0.0,1003755.172582675,0.0
1736438400000,1003755.172582675,0.0,1003755.172582675,0.0
1736452800000,1003755.172582675,0.0,1003755.172582675,0.0
1736467200000,1003755.172582675,0.0,1003755.172582675,0.0
1736481600000,1003755.172582675,0.0,1003755.172582675,0.0
1736496000000,1003755.172582675,0.0,1003755.172582675,0.0
1736510400000,1003755.172582675,0.0,1003755.172582675,0.0
1736524800000,1003755.172582675,0.0,1003755.172582675,0.0
1736539200000,1003755.172582675,0.0,1003755.172582675,0.0
1736553600000,1003755.172582675,0.0,1003755.172582675,0.0
1736568000000,1003755.172582675,0.0,1003755.172582675,0.0
1736582400000,1003755.172582675,0.0,1003755.172582675,0.0
1736596800000,1003755.172582675,0.0,1003755.172582675,0.0
1736611200000,1003755.172582675,0.0,1003755.172582675,0.0
1736625600000,1003755.172582675,0.0,1003755.172582675,0.0
1736640000000,1003755.172582675,0.0,1003755.172582675,0.0
1736654400000,1003755.172582675,0.0,1003755.172582675,0.0
1736668800000,1003755.172582675,0.0,1003755.172582675,0.0
1736683200000,1003755.172582675,0.0,1003755.172582675,0.0
1736697600000,1003755.172582675,0.0,1003755.172582675,0.0
1736712000000,1003755.172582675,0.0,1003755.172582675,0.0
1736726400000,979646.9808475843,-130.1957744256834,1003755.172582675,24090.124141984197
1736740800000,1003384.6852085432,0.0,1003384.6852085432,0.0
1736755200000,1003384.6852085432,0.0,1003384.6852085432,0.0
1736769600000,1003384.6852085432,0.0,1003384.6852085432,0.0
1736784000000,1003384.6852085432,0.0,1003384.6852085432,0.0
1736798400000,1003384.6852085432,0.0,1003384.6852085432,0.0
1736812800000,1003384.6852085432,0.0,1003384.6852085432,0.0
1736827200000,1003384.6852085432,0.0,1003384.6852085432,0.0
1736841600000,1003384.6852085432,0.0,1003384.6852085432,0.0
1736856000000,1003384.6852085432,0.0,1003384.6852085432,0.0
1736870400000,1003384.6852085432,0.0,1003384.6852085432,0.0
1736884800000,1003384.6852085432,0.0,1003384.6852085432,0.0
1736899200000,1003384.6852085432,0.0,1003384.6852085432,0.0
1736913600000,1003384.6852085432,0.0,1003384.6852085432,0.0
1736928000000,1003384.6852085432,0.0,1003384.6852085432,0.0
1736942400000,1003384.6852085432,0.0,1003384.6852085432,0.0
1736956800000,1003384.6852085432,0.0,1003384.6852085432,0.0
1736971200000,1003384.6852085432,0.0,1003384.6852085432,0.0
1736985600000,1003384.6852085432,0.0,1003384.6852085432,0.0
1737000000000,1003384.6852085432,0.0,1003384.6852085432,0.0
1737014400000,1003384.6852085432,0.0,1003384.6852085432,0.0
1737028800000,1003384.6852085432,0.0,1003384.6852085432,0.0
1737043200000,1003384.6852085432,0.0,1003384.6852085432,0.0
1737057600000,1003384.6852085432,0.0,1003384.6852085432,0.0
1737072000000,1003384.6852085432,0.0,1003384.6852085432,0.0
1737086400000,1003384.6852085432,0.0,1003384.6852085432,0.0
1737100800000,1003384.6852085432,0.0,1003384.6852085432,0.0
1737115200000,1003384.6852085432,0.0,1003384.6852085432,0.0
1737129600000,1003384.6852085432,0.0,1003384.6852085432,0.0
1737144000000,1003384.6852085432,0.0,1003384.6852085432,0.0
1737158400000,1003384.6852085432,0.0,1003384.6852085432,0.0
1737172800000,1003384.6852085432,0.0,1003384.6852085432,0.0
1737187200000,1003384.6852085432,0.0,1003384.6852085432,0.0
1737201600000,1003384.6852085432,0.0,1003384.6852085432,0.0
1737216000000,1003384.6852085432,0.0,1003384.6852085432,0.0
1737230400000,1003384.6852085432,0.0,1003384.6852085432,0.0
1737244800000,1003384.6852085432,0.0,1003384.6852085432,0.0
1737259200000,1003384.6852085432,0.0,1003384.6852085432,0.0
1737273600000,1003384.6852085432,0.0,1003384.6852085432,0.0
1737288000000,1003384.6852085432,0.0,1003384.6852085432,0.0
1737302400000,1003384.6852085432,0.0,1003384.6852085432,0.0
1737316800000,1003384.6852085432,0.0,1003384.6852085432,0.0
1737331200000,1003384.6852085432,0.0,1003384.6852085432,0.0
1737345600000,1003384.6852085432,0.0,1003384.6852085432,0.0
1737360000000,1003384.6852085432,0.0,1003384.6852085432,0.0
1737374400000,1003384.6852085432,0.0,1003384.6852085432,0.0
1737388800000,1003384.6852085432,0.0,1003384.6852085432,0.0
1737403200000,1003384.6852085432,0.0,1003384.6852085432,0.0
1737417600000,1003384.6852085432,0.0,1003384.6852085432,0.0
1737432000000,1003384.6852085432,0.0,1003384.6852085432,0.0
1737446400000,1003384.6852085432,0.0,1003384.6852085432,0.0
1737460800000,1003384.6852085432,0.0,1003384.6852085432,0.0
1737475200000,1003384.6852085432,0.0,1003384.6852085432,0.0
1737489600000,1003384.6852085432,0.0,1003384.6852085432,0.0
1737504000000,1003384.6852085432,0.0,1003384.6852085432,0.0
1737518400000,1003384.6852085432,0.0,1003384.6852085432,0.0
1737532800000,1003384.6852085432,0.0,1003384.6852085432,0.0
1737547200000,1003384.6852085432,0.0,1003384.6852085432,0.0
1737561600000,1003384.6852085432,0.0,1003384.6852085432,0.0
1737576000000,1003384.6852085432,0.0,1003384.6852085432,0.0
1737590400000,1003384.6852085432,0.0,1003384.6852085432,0.0
1737604800000,1003384.6852085432,0.0,1003384.6852085432,0.0
1737619200000,1003384.6852085432,0.0,1003384.6852085432,0.0
1737633600000,1003384.6852085432,0.0,1003384.6852085432,0.0
1737648000000,1003384.6852085432,0.0,1003384.6852085432,0.0
1737662400000,1003384.6852085432,0.0,1003384.6852085432,0.0
1737676800000,1003384.6852085432,0.0,1003384.6852085432,0.0
1737691200000,1003384.6852085432,0.0,1003384.6852085432,0.0
1737705600000,1003384.6852085432,0.0,1003384.6852085432,0.0
1737720000000,1003384.6852085432,0.0,1003384.6852085432,0.0
1737734400000,1003384.6852085432,0.0,1003384.6852085432,0.0
1737748800000,1003384.6852085432,0.0,1003384.6852085432,0.0
1737763200000,1003384.6852085432,0.0,1003384.6852085432,0.0
1737777600000,1003384.6852085432,0.0,1003384.6852085432,0.0
1737792000000,1003384.6852085432,0.0,1003384.6852085432,0.0
1737806400000,1003384.6852085432,0.0,1003384.6852085432,0.0
1737820800000,1003384.6852085432,0.0,1003384.6852085432,0.0
1737835200000,1003384.6852085432,0.0,1003384.6852085432,0.0
1737849600000,1003384.6852085432,0.0,1003384.6852085432,0.0
1737864000000,1003384.6852085432,0.0,1003384.6852085432,0.0
1737878400000,1003384.6852085432,0.0,1003384.6852085432,0.0
1737892800000,1003384.6852085432,0.0,1003384.6852085432,0.0
1737907200000,1003384.6852085432,0.0,1003384.6852085432,0.0
1737921600000,1003384.6852085432,0.0,1003384.6852085432,0.0
1737936000000,979285.3918392044,-102.12566770570413,1003384.6852085432,24081.232445005036
1737950400000,1002504.6175224034,0.0,1002504.6175224034,0.0
1737964800000,1002504.6175224034,0.0,1002504.6175224034,0.0
1737979200000,1002504.6175224034,0.0,1002504.6175224034,0.0
1737993600000,1002504.6175224034,0.0,1002504.6175224034,0.0
1738008000000,1002504.6175224034,0.0,1002504.6175224034,0.0
1738022400000,1002504.6175224034,0.0,1002504.6175224034,0.0
1738036800000,1002504.6175224034,0.0,1002504.6175224034,0.0
1738051200000,1002504.6175224034,0.0,1002504.6175224034,0.0
1738065600000,1002504.6175224034,0.0,1002504.6175224034,0.0
1738080000000,1002504.6175224034,0.0,1002504.6175224034,0.0
1738094400000,1002504.6175224034,0.0,1002504.6175224034,0.0
1738108800000,1002504.6175224034,0.0,1002504.6175224034,0.0
1738123200000,1002504.6175224034,0.0,1002504.6175224034,0.0
1738137600000,1002504.6175224034,0.0,1002504.6175224034,0.0
1738152000000,1002504.6175224034,0.0,1002504.6175224034,0.0
1738166400000,1002504.6175224034,0.0,1002504.6175224034,0.0
1738180800000,1002504.6175224034,0.0,1002504.6175224034,0.0
1738195200000,1002504.6175224034,0.0,1002504.6175224034,0.0
1738209600000,1002504.6175224034,0.0,1002504.6175224034,0.0
1738224000000,1002504.6175224034,0.0,1002504.6175224034,0.0
1738238400000,1002504.6175224034,0.0,1002504.6175224034,0.0
1738252800000,1002504.6175224034,0.0,1002504.6175224034,0.0
1738267200000,1002504.6175224034,0.0,1002504.6175224034,0.0
1738281600000,1002504.6175224034,0.0,1002504.6175224034,0.0
1738296000000,1002504.6175224034,0.0,1002504.6175224034,0.0
1738310400000,1002504.6175224034,0.0,1002504.6175224034,0.0
1738324800000,1002504.6175224034,0.0,1002504.6175224034,0.0
1738339200000,1002504.6175224034,0.0,1002504.6175224034,0.0
1738353600000,1002504.6175224034,0.0,1002504.6175224034,0.0
1738368000000,1002504.6175224034,0.0,1002504.6175224034,0.0
1738382400000,1002504.6175224034,0.0,1002504.6175224034,0.0
1738396800000,1002504.6175224034,0.0,1002504.6175224034,0.0
1738411200000,1002504.6175224034,0.0,1002504.6175224034,0.0
1738425600000,1002504.6175224034,0.0,1002504.6175224034,0.0
1738440000000,1002504.6175224034,0.0,1002504.6175224034,0.0
1738454400000,1002504.6175224034,0.0,1002504.6175224034,0.0
1738468800000,1002504.6175224034,0.0,1002504.6175224034,0.0
1738483200000,1002504.6175224034,0.0,1002504.6175224034,0.0
1738497600000,1002504.6175224034,0.0,1002504.6175224034,0.0
1738512000000,1002504.6175224034,0.0,1002504.6175224034,0.0
1738526400000,1002504.6175224034,0.0,1002504.6175224034,0.0
1738540800000,1002504.6175224034,0.0,1002504.6175224034,0.0
1738555200000,1002504.6175224034,0.0,1002504.6175224034,0.0
1738569600000,1002504.6175224034,0.0,1002504.6175224034,0.0
1738584000000,1002504.6175224034,0.0,1002504.6175224034,0.0
1738598400000,1002504.6175224034,0.0,1002504.6175224034,0.0
1738612800000,1002504.6175224034,0.0,1002504.6175224034,0.0
1738627200000,1002504.6175224034,0.0,1002504.6175224034,0.0
1738641600000,1002504.6175224034,0.0,1002504.6175224034,0.0
1738656000000,1002504.6175224034,0.0,1002504.6175224034,0.0
1738670400000,1002504.6175224034,0.0,1002504.6175224034,0.0
1738684800000,1002504.6175224034,0.0,1002504.6175224034,0.0
1738699200000,1002504.6175224034,0.0,1002504.6175224034,0.0
1738713600000,1002504.6175224034,0.0,1002504.6175224034,0.0
1738728000000,1002504.6175224034,0.0,1002504.6175224034,0.0
1738742400000,1002504.6175224034,0.0,1002504.6175224034,0.0
1738756800000,1002504.6175224034,0.0,1002504.6175224034,0.0
1738771200000,1002504.6175224034,0.0,1002504.6175224034,0.0
1738785600000,1002504.6175224034,0.0,1002504.6175224034,0.0
1738800000000,1002504.6175224034,0.0,1002504.6175224034,0.0
1738814400000,1002504.6175224034,0.0,1002504.6175224034,0.0
1738828800000,1002504.6175224034,0.0,1002504.6175224034,0.0
1738843200000,1002504.6175224034,0.0,1002504.6175224034,0.0
1738857600000,1002504.6175224034,0.0,1002504.6175224034,0.0
1738872000000,1002504.6175224034,0.0,1002504.6175224034,0.0
1738886400000,1002504.6175224034,0.0,1002504.6175224034,0.0
1738900800000,1002504.6175224034,0.0,1002504.6175224034,0.0
1738915200000,1002504.6175224034,0.0,1002504.6175224034,0.0
1738929600000,1002504.6175224034,0.0,1002504.6175224034,0.0
1738944000000,1002504.6175224034,0.0,1002504.6175224034,0.0
1738958400000,1002504.6175224034,0.0,1002504.6175224034,0.0
1738972800000,1002504.6175224034,0.0,1002504.6175224034,0.0
1738987200000,1002504.6175224034,0.0,1002504.6175224034,0.0
1739001600000,1002504.6175224034,0.0,1002504.6175224034,0.0
1739016000000,1002504.6175224034,0.0,1002504.6175224034,0.0
1739030400000,1002504.6175224034,0.0,1002504.6175224034,0.0
1739044800000,1002504.6175224034,0.0,1002504.6175224034,0.0
1739059200000,1002504.6175224034,0.0,1002504.6175224034,0.0
1739073600000,1002504.6175224034,0.0,1002504.6175224034,0.0
1739088000000,1002504.6175224034,0.0,1002504.6175224034,0.0
1739102400000,1002504.6175224034,0.0,1002504.6175224034,0.0
1739116800000,1002504.6175224034,0.0,1002504.6175224034,0.0
1739131200000,1002504.6175224034,0.0,1002504.6175224034,0.0
1739145600000,1002504.6175224034,0.0,1002504.6175224034,0.0
1739160000000,1002504.6175224034,0.0,1002504.6175224034,0.0
1739174400000,1002504.6175224034,0.0,1002504.6175224034,0.0
1739188800000,1002504.6175224034,0.0,1002504.6175224034,0.0
1739203200000,1002504.6175224034,0.0,1002504.6175224034,0.0
1739217600000,1002504.6175224034,0.0,1002504.6175224034,0.0
1739232000000,1002504.6175224034,0.0,1002504.6175224034,0.0
1739246400000,1002504.6175224034,0.0,1002504.6175224034,0.0
1739260800000,1002504.6175224034,0.0,1002504.6175224034,0.0
1739275200000,1002504.6175224034,0.0,1002504.6175224034,0.0
1739289600000,1002504.6175224034,0.0,1002504.6175224034,0.0
1739304000000,1002504.6175224034,0.0,1002504.6175224034,0.0
1739318400000,1002504.6175224034,0.0,1002504.6175224034,0.0
1739332800000,1002504.6175224034,0.0,1002504.6175224034,0.0
1739347200000,1002504.6175224034,0.0,1002504.6175224034,0.0
1739361600000,978426.4616187502,-125.31307719030042,1002504.6175224034,24060.11082053768
1739376000000,978598.9979525086,-124.23517602228883,1002681.3998132226,24064.353595517343
1739390400000,1003027.6606417213,0.0,1003027.6606417213,0.0
1739404800000,1003027.6606417213,0.0,1003027.6606417213,0.0
1739419200000,1003027.6606417213,0.0,1003027.6606417213,0.0
1739433600000,1003027.6606417213,0.0,1003027.6606417213,0.0
1739448000000,1003027.6606417213,0.0,1003027.6606417213,0.0
1739462400000,1003027.6606417213,0.0,1003027.6606417213,0.0
1739476800000,1003027.6606417213,0.0,1003027.6606417213,0.0
1739491200000,1003027.6606417213,0.0,1003027.6606417213,0.0
1739505600000,1003027.6606417213,0.0,1003027.6606417213,0.0
1739520000000,1003027.6606417213,0.0,1003027.6606417213,0.0
1739534400000,1003027.6606417213,0.0,1003027.6606417213,0.0
1739548800000,1003027.6606417213,0.0,1003027.6606417213,0.0
1739563200000,1003027.6606417213,0.0,1003027.6606417213,0.0
1739577600000,1003027.6606417213,0.0,1003027.6606417213,0.0
1739592000000,1003027.6606417213,0.0,1003027.6606417213,0.0
1739606400000,1003027.6606417213,0.0,1003027.6606417213,0.0
1739620800000,1003027.6606417213,0.0,1003027.6606417213,0.0
1739635200000,1003027.6606417213,0.0,1003027.6606417213,0.0
1739649600000,1003027.6606417213,0.0,1003027.6606417213,0.0
1739664000000,1003027.6606417213,0.0,1003027.6606417213,0.0
1739678400000,1003027.6606417213,0.0,1003027.6606417213,0.0
1739692800000,1003027.6606417213,0.0,1003027.6606417213,0.0
1739707200000,978936.9422884284,-126.48520310740496,1003027.6606417213,24072.66385540131
1739721600000,1002853.7861762047,0.0,1002853.7861762047,0.0
1739736000000,1002853.7861762047,0.0,1002853.7861762047,0.0
1739750400000,1002853.7861762047,0.0,1002853.7861762047,0.0
1739764800000,1002853.7861762047,0.0,1002853.7861762047,0.0
1739779200000,1002853.7861762047,0.0,1002853.7861762047,0.0
1739793600000,1002853.7861762047,0.0,1002853.7861762047,0.0
1739808000000,1002853.7861762047,0.0,1002853.7861762047,0.0
1739822400000,1002853.7861762047,0.0,1002853.7861762047,0.0
1739836800000,1002853.7861762047,0.0,1002853.7861762047,0.0
1739851200000,1002853.7861762047,0.0,1002853.7861762047,0.0
1739865600000,1002853.7861762047,0.0,1002853.7861762047,0.0
1739880000000,1002853.7861762047,0.0,1002853.7861762047,0.0
1739894400000,1002853.7861762047,0.0,1002853.7861762047,0.0
1739908800000,1002853.7861762047,0.0,1002853.7861762047,0.0
1739923200000,1002853.7861762047,0.0,1002853.7861762047,0.0
1739937600000,1002853.7861762047,0.0,1002853.7861762047,0.0
1739952000000,1002853.7861762047,0.0,1002853.7861762047,0.0
1739966400000,1002853.7861762047,0.0,1002853.7861762047,0.0
1739980800000,1002853.7861762047,0.0,1002853.7861762047,0.0
1739995200000,1002853.7861762047,0.0,1002853.7861762047,0.0
1740009600000,1002853.7861762047,0.0,1002853.7861762047,0.0
1740024000000,1002853.7861762047,0.0,1002853.7861762047,0.0
1740038400000,1002853.7861762047,0.0,1002853.7861762047,0.0
1740052800000,1002853.7861762047,0.0,1002853.7861762047,0.0
1740067200000,1002853.7861762047,0.0,1002853.7861762047,0.0
1740081600000,1002853.7861762047,0.0,1002853.7861762047,0.0
1740096000000,1002853.7861762047,0.0,1002853.7861762047,0.0
1740110400000,1002853.7861762047,0.0,1002853.7861762047,0.0
1740124800000,1002853.7861762047,0.0,1002853.7861762047,0.0
1740139200000,1002853.7861762047,0.0,1002853.7861762047,0.0
1740153600000,1002853.7861762047,0.0,1002853.7861762047,0.0
1740168000000,1002853.7861762047,0.0,1002853.7861762047,0.0
1740182400000,1002853.7861762047,0.0,1002853.7861762047,0.0
1740196800000,1002853.7861762047,0.0,1002853.7861762047,0.0
1740211200000,1002853.7861762047,0.0,1002853.7861762047,0.0
1740225600000,1002853.7861762047,0.0,1002853.7861762047,0.0
1740240000000,1002853.7861762047,0.0,1002853.7861762047,0.0
1740254400000,1002853.7861762047,0.0,1002853.7861762047,0.0
1740268800000,1002853.7861762047,0.0,1002853.7861762047,0.0
1740283200000,1002853.7861762047,0.0,1002853.7861762047,0.0
1740297600000,1002853.7861762047,0.0,1002853.7861762047,0.0
1740312000000,1002853.7861762047,0.0,1002853.7861762047,0.0
1740326400000,1002853.7861762047,0.0,1002853.7861762047,0.0
1740340800000,1002853.7861762047,0.0,1002853.7861762047,0.0
1740355200000,1002853.7861762047,0.0,1002853.7861762047,0.0
1740369600000,1002853.7861762047,0.0,1002853.7861762047,0.0
1740384000000,1002853.7861762047,0.0,1002853.7861762047,0.0
1740398400000,1002853.7861762047,0.0,1002853.7861762047,0.0
1740412800000,1002853.7861762047,0.0,1002853.7861762047,0.0
1740427200000,1002853.7861762047,0.0,1002853.7861762047,0.0
1740441600000,1002853.7861762047,0.0,1002853.7861762047,0.0
1740456000000,1002853.7861762047,0.0,1002853.7861762047,0.0
1740470400000,1002853.7861762047,0.0,1002853.7861762047,0.0
1740484800000,1002853.7861762047,0.0,1002853.7861762047,0.0
1740499200000,1002853.7861762047,0.0,1002853.7861762047,0.0
1740513600000,1002853.7861762047,0.0,1002853.7861762047,0.0
1740528000000,1002853.7861762047,0.0,1002853.7861762047,0.0
1740542400000,1002853.7861762047,0.0,1002853.7861762047,0.0
1740556800000,1002853.7861762047,0.0,1002853.7861762047,0.0
1740571200000,1002853.7861762047,0.0,1002853.7861762047,0.0
1740585600000,1002853.7861762047,0.0,1002853.7861762047,0.0
1740600000000,1002853.7861762047,0.0,1002853.7861762047,0.0
1740614400000,1002853.7861762047,0.0,1002853.7861762047,0.0
1740628800000,1002853.7861762047,0.0,1002853.7861762047,0.0
1740643200000,1002853.7861762047,0.0,1002853.7861762047,0.0
1740657600000,1002853.7861762047,0.0,1002853.7861762047,0.0
1740672000000,1002853.7861762047,0.0,1002853.7861762047,0.0
1740686400000,1002853.7861762047,0.0,1002853.7861762047,0.0
1740700800000,1002853.7861762047,0.0,1002853.7861762047,0.0
1740715200000,1002853.7861762047,0.0,1002853.7861762047,0.0
1740729600000,1002853.7861762047,0.0,1002853.7861762047,0.0
1740744000000,1002853.7861762047,0.0,1002853.7861762047,0.0
1740758400000,1002853.7861762047,0.0,1002853.7861762047,0.0
1740772800000,1002853.7861762047,0.0,1002853.7861762047,0.0
1740787200000,1002853.7861762047,0.0,1002853.7861762047,0.0
1740801600000,1002853.7861762047,0.0,1002853.7861762047,0.0
1740816000000,1002853.7861762047,0.0,1002853.7861762047,0.0
1740830400000,1002853.7861762047,0.0,1002853.7861762047,0.0
1740844800000,1002853.7861762047,0.0,1002853.7861762047,0.0
1740859200000,1002853.7861762047,0.0,1002853.7861762047,0.0
1740873600000,1002853.7861762047,0.0,1002853.7861762047,0.0
1740888000000,1002853.7861762047,0.0,1002853.7861762047,0.0
1740902400000,1002853.7861762047,0.0,1002853.7861762047,0.0
1740916800000,1002853.7861762047,0.0,1002853.7861762047,0.0
1740931200000,1002853.7861762047,0.0,1002853.7861762047,0.0
1740945600000,1002853.7861762047,0.0,1002853.7861762047,0.0
1740960000000,1002853.7861762047,0.0,1002853.7861762047,0.0
1740974400000,1002853.7861762047,0.0,1002853.7861762047,0.0
1740988800000,1002853.7861762047,0.0,1002853.7861762047,0.0
1741003200000,1002853.7861762047,0.0,1002853.7861762047,0.0
1741017600000,1002853.7861762047,0.0,1002853.7861762047,0.0
1741032000000,1002853.7861762047,0.0,1002853.7861762047,0.0
1741046400000,1002853.7861762047,0.0,1002853.7861762047,0.0
1741060800000,1002853.7861762047,0.0,1002853.7861762047,0.0
1741075200000,1002853.7861762047,0.0,1002853.7861762047,0.0
1741089600000,1002853.7861762047,0.0,1002853.7861762047,0.0
1741104000000,1002853.7861762047,0.0,1002853.7861762047,0.0
1741118400000,1002853.7861762047,0.0,1002853.7861762047,0.0
1741132800000,1002853.7861762047,0.0,1002853.7861762047,0.0
1741147200000,1002853.7861762047,0.0,1002853.7861762047,0.0
1741161600000,1002853.7861762047,0.0,1002853.7861762047,0.0
1741176000000,1002853.7861762047,0.0,1002853.7861762047,0.0
1741190400000,1002853.7861762047,0.0,1002853.7861762047,0.0
1741204800000,1002853.7861762047,0.0,1002853.7861762047,0.0
1741219200000,1002853.7861762047,0.0,1002853.7861762047,0.0
1741233600000,1002853.7861762047,0.0,1002853.7861762047,0.0
1741248000000,1002853.7861762047,0.0,1002853.7861762047,0.0
1741262400000,1002853.7861762047,0.0,1002853.7861762047,0.0
1741276800000,1002853.7861762047,0.0,1002853.7861762047,0.0
1741291200000,1002853.7861762047,0.0,1002853.7861762047,0.0
1741305600000,1002853.7861762047,0.0,1002853.7861762047,0.0
1741320000000,1002853.7861762047,0.0,1002853.7861762047,0.0
1741334400000,1002853.7861762047,0.0,1002853.7861762047,0.0
1741348800000,1002853.7861762047,0.0,1002853.7861762047,0.0
1741363200000,1002853.7861762047,0.0,1002853.7861762047,0.0
1741377600000,1002853.7861762047,0.0,1002853.7861762047,0.0
1741392000000,1002853.7861762047,0.0,1002853.7861762047,0.0
1741406400000,1002853.7861762047,0.0,1002853.7861762047,0.0
1741420800000,1002853.7861762047,0.0,1002853.7861762047,0.0
1741435200000,1002853.7861762047,0.0,1002853.7861762047,0.0
1741449600000,1002853.7861762047,0.0,1002853.7861762047,0.0
1741464000000,1002853.7861762047,0.0,1002853.7861762047,0.0
1741478400000,1002853.7861762047,0.0,1002853.7861762047,0.0
1741492800000,1002853.7861762047,0.0,1002853.7861762047,0.0
1741507200000,1002853.7861762047,0.0,1002853.7861762047,0.0
1741521600000,1002853.7861762047,0.0,1002853.7861762047,0.0
1741536000000,1002853.7861762047,0.0,1002853.7861762047,0.0
1741550400000,1002853.7861762047,0.0,1002853.7861762047,0.0
1741564800000,1002853.7861762047,0.0,1002853.7861762047,0.0
1741579200000,1002853.7861762047,0.0,1002853.7861762047,0.0
1741593600000,1002853.7861762047,0.0,1002853.7861762047,0.0
1741608000000,1002853.7861762047,0.0,1002853.7861762047,0.0
1741622400000,1002853.7861762047,0.0,1002853.7861762047,0.0
1741636800000,1002853.7861762047,0.0,1002853.7861762047,0.0
1741651200000,1002853.7861762047,0.0,1002853.7861762047,0.0
1741665600000,1002853.7861762047,0.0,1002853.7861762047,0.0
1741680000000,1002853.7861762047,0.0,1002853.7861762047,0.0
1741694400000,1002853.7861762047,0.0,1002853.7861762047,0.0
1741708800000,1002853.7861762047,0.0,1002853.7861762047,0.0
1741723200000,1002853.7861762047,0.0,1002853.7861762047,0.0
1741737600000,1002853.7861762047,0.0,1002853.7861762047,0.0
1741752000000,1002853.7861762047,0.0,1002853.7861762047,0.0
1741766400000,1002853.7861762047,0.0,1002853.7861762047,0.0
1741780800000,1002853.7861762047,0.0,1002853.7861762047,0.0
1741795200000,1002853.7861762047,0.0,1002853.7861762047,0.0
1741809600000,1002853.7861762047,0.0,1002853.7861762047,0.0
1741824000000,1002853.7861762047,0.0,1002853.7861762047,0.0
1741838400000,1002853.7861762047,0.0,1002853.7861762047,0.0
1741852800000,1002853.7861762047,0.0,1002853.7861762047,0.0
1741867200000,1002853.7861762047,0.0,1002853.7861762047,0.0
1741881600000,1002853.7861762047,0.0,1002853.7861762047,0.0
1741896000000,1002853.7861762047,0.0,1002853.7861762047,0.0
1741910400000,1002853.7861762047,0.0,1002853.7861762047,0.0
1741924800000,1002853.7861762047,0.0,1002853.7861762047,0.0
1741939200000,1002853.7861762047,0.0,1002853.7861762047,0.0
1741953600000,1002853.7861762047,0.0,1002853.7861762047,0.0
1741968000000,1002853.7861762047,0.0,1002853.7861762047,0.0
1741982400000,1002853.7861762047,0.0,1002853.7861762047,0.0
1741996800000,1002853.7861762047,0.0,1002853.7861762047,0.0
1742011200000,1002853.7861762047,0.0,1002853.7861762047,0.0
1742025600000,1002853.7861762047,0.0,1002853.7861762047,0.0
1742040000000,1002853.7861762047,0.0,1002853.7861762047,0.0
1742054400000,1002853.7861762047,0.0,1002853.7861762047,0.0
1742068800000,1002853.7861762047,0.0,1002853.7861762047,0.0
1742083200000,1002853.7861762047,0.0,1002853.7861762047,0.0
1742097600000,1002853.7861762047,0.0,1002853.7861762047,0.0
1742112000000,1002853.7861762047,0.0,1002853.7861762047,0.0
1742126400000,1002853.7861762047,0.0,1002853.7861762047,0.0
1742140800000,1002853.7861762047,0.0,1002853.7861762047,0.0
1742155200000,1002853.7861762047,0.0,1002853.7861762047,0.0
1742169600000,1002853.7861762047,0.0,1002853.7861762047,0.0
1742184000000,1002853.7861762047,0.0,1002853.7861762047,0.0
1742198400000,1002853.7861762047,0.0,1002853.7861762047,0.0
1742212800000,1002853.7861762047,0.0,1002853.7861762047,0.0
1742227200000,1002853.7861762047,0.0,1002853.7861762047,0.0
1742241600000,1002853.7861762047,0.0,1002853.7861762047,0.0
1742256000000,978767.2439398246,-193.86621722294734,1002853.7861762047,24068.490868228913
1742270400000,1003021.0902983404,0.0,1003021.0902983404,0.0
1742284800000,1003021.0902983404,0.0,1003021.0902983404,0.0
1742299200000,978930.5297515548,-196.39802698180773,1003021.0902983404,24072.506167160172
1742313600000,1003308.7952410512,0.0,1003308.7952410512,0.0
1742328000000,1003308.7952410512,0.0,1003308.7952410512,0.0
1742342400000,1003308.7952410512,0.0,1003308.7952410512,0.0
1742356800000,1003308.7952410512,0.0,1003308.7952410512,0.0
1742371200000,1003308.7952410512,0.0,1003308.7952410512,0.0
1742385600000,1003308.7952410512,0.0,1003308.7952410512,0.0
1742400000000,1003308.7952410512,0.0,1003308.7952410512,0.0
1742414400000,1003308.7952410512,0.0,1003308.7952410512,0.0
1742428800000,1003308.7952410512,0.0,1003308.7952410512,0.0
1742443200000,1003308.7952410512,0.0,1003308.7952410512,0.0
1742457600000,1003308.7952410512,0.0,1003308.7952410512,0.0
1742472000000,1003308.7952410512,0.0,1003308.7952410512,0.0
1742486400000,1003308.7952410512,0.0,1003308.7952410512,0.0
